10:18:06.703,10,18,06,37086,aglawand,WriteTestCases,6604251220410368-5629499534213120,moveElement,09:28
10:19:10.001,10,19,10,37150,hosubl,WriteTestCases,6528006960971776-5629499534213120,createElement,08:12
10:24:01.598,10,24,01,37441,aglawand,WriteFunction,4809675371446272-5066549580791808,createAction,05:55
10:24:44.471,10,24,44,37484,hosubl,WriteTestCases,4809675371446272-5629499534213120,createAction,05:34
10:25:36.783,10,25,36,37536,francesco.paduano91,WriteFunction,4825824448479232-5066549580791808,renderDrawing,15:03
10:26:50.028,10,26,50,37610,aglawand,Review,4809675371446272-5668600916475904,createAction,02:03
10:27:00.807,10,27,00,37620,hosubl,Review,4809675371446272-5707702298738688,createAction,02:16
10:27:09.150,10,27,09,37629,vijay.0288,Review,6528006960971776-5707702298738688,createElement,06:50
10:28:06.485,10,28,06,37686,charig,Review,4825824448479232-5707702298738688,renderDrawing,05:58
10:28:24.570,10,28,24,37704,aglawand,Review,4825824448479232-5668600916475904,renderDrawing,01:34
10:32:21.048,10,32,21,37941,hosubl,Review,6604251220410368-5707702298738688,moveElement,03:05
10:33:09.097,10,33,09,37989,vijay.0288,WriteTestCases,4809675371446272-5741031244955648,createAction,06:00
10:35:58.024,10,35,58,38158,vijay.0288,WriteTest,5469924856168448-5629499534213120,move an element previously moved,02:49
10:36:27.968,10,36,27,38187,aglawand,WriteFunction,6604251220410368-5066549580791808,moveElement,04:30
10:36:51.802,10,36,51,38211,hosubl,WriteTest,4689890075738112-5629499534213120,move an element to the the extreme right,04:15
10:37:13.550,10,37,13,38233,charig,WriteTestCases,6528006960971776-5668600916475904,createElement,09:07
10:37:58.813,10,37,58,38278,vijay.0288,WriteTest,5354664308506624-5629499534213120,move an element over an existing (or the original) element,02:00
10:38:08.452,10,38,08,38288,francesco.paduano91,WriteFunction,6528006960971776-5066549580791808,createElement,10:01
10:38:53.368,10,38,53,38333,aglawand,Review,4809675371446272-5724160613416960,createAction,02:26
10:38:54.237,10,38,54,38334,saisoft00,WriteTest,4742953859809280-5629499534213120,move an element to the extreme bottom,00:47
10:40:20.102,10,40,20,38420,vijay.0288,Review,4689890075738112-5707702298738688,move an element to the the extreme right,02:22
10:40:39.623,10,40,39,38439,charig,Review,6604251220410368-5668600916475904,moveElement,03:26
10:41:00.299,10,41,00,38460,aglawand,Review,6528006960971776-5649050225344512,createElement,02:07
10:41:03.810,10,41,03,38463,hosubl,Review,5469924856168448-5707702298738688,move an element previously moved,04:12
10:42:35.613,10,42,35,38555,vijay.0288,Review,4742953859809280-5066549580791808,move an element to the extreme bottom,02:15
10:42:50.421,10,42,50,38570,francesco.paduano91,Review,5354664308506624-5707702298738688,move an element over an existing (or the original) element,04:42
10:43:19.533,10,43,19,38599,ejshin1,Review,6528006960971776-5741031244955648,createElement,05:14
10:43:31.732,10,43,31,38611,aglawand,WriteFunction,6528006960971776-5724160613416960,createElement,02:16
10:43:34.145,10,43,34,38614,vijay.0288,WriteTest,4742953859809280-5707702298738688,move an element to the extreme bottom,00:43
10:45:29.281,10,45,29,38729,ejshin1,Review,4742953859809280-5668600916475904,move an element to the extreme bottom,01:55
10:45:59.942,10,45,59,38759,aglawand,WriteTestCases,6528006960971776-6192449487634432,createElement,02:28
10:46:04.500,10,46,04,38764,francesco.paduano91,WriteTest,5469924856168448-5668600916475904,move an element previously moved,03:14
10:48:23.928,10,48,23,38903,vijay.0288,Review,6528006960971776-5685265389584384,createElement,04:49
10:48:37.145,10,48,37,38917,francesco.paduano91,Review,6528006960971776-5757334940811264,createElement,02:33
10:48:50.537,10,48,50,38930,aglawand,Review,5469924856168448-5741031244955648,move an element previously moved,02:35
10:49:49.354,10,49,49,38989,vijay.0288,WriteTest,5404450495660032-5629499534213120,Test this function by creating Line; Rectangle; and Freehand element,01:10
10:51:12.776,10,51,12,39072,aglawand,WriteTest,6595824763011072-5629499534213120,Test that whenever any of the parameters is invalid the test function returns null,02:22
10:51:41.062,10,51,41,39101,ejshin1,WriteTest,4742953859809280-5741031244955648,move an element to the extreme bottom,05:57
10:52:09.336,10,52,09,39129,hosubl,WriteFunction,6604251220410368-5741031244955648,moveElement,11:06
10:52:10.693,10,52,10,39130,vijay.0288,WriteTest,6480564215349248-5629499534213120,Test that if the type is a line the element return just two vertices with mouseDownPos and mouseCurrPos as values,02:21
10:52:33.438,10,52,33,39153,saisoft00,WriteTestCases,4809675371446272-5685265389584384,createAction,05:22
10:53:18.323,10,53,18,39198,aglawand,Review,5404450495660032-5707702298738688,Test this function by creating Line; Rectangle; and Freehand element,02:06
10:53:40.284,10,53,40,39220,saisoft00,Review,6480564215349248-5707702298738688,Test that if the type is a line the element return just two vertices with mouseDownPos and mouseCurrPos as values,01:07
10:54:36.961,10,54,36,39276,ejshin1,Review,6595824763011072-5707702298738688,Test that whenever any of the parameters is invalid the test function returns null,02:55
10:54:38.333,10,54,38,39278,vijay.0288,Review,6604251220410368-5649050225344512,moveElement,02:28
10:55:04.739,10,55,04,39304,aglawand,Review,4809675371446272-5757334940811264,createAction,01:46
10:56:06.734,10,56,06,39366,vijay.0288,WriteTest,5469924856168448-5649050225344512,move an element previously moved,01:28
10:56:09.761,10,56,09,39369,aglawand,WriteTestCases,6528006960971776-5717271485874176,createElement,01:05
10:56:22.822,10,56,22,39382,charig,WriteFunction,4809675371446272-5649050225344512,createAction,09:37
10:56:25.672,10,56,25,39385,saisoft00,WriteTest,5935575278288896-5629499534213120,Test that if the parameters are not invalid the id and type of the function are always equal to the parameters,02:45
10:56:39.989,10,56,39,39399,francesco.paduano91,WriteFunction,6528006960971776-5639274879778816,createElement,08:02
10:57:27.464,10,57,27,39447,aglawand,Review,5469924856168448-5724160613416960,move an element previously moved,01:18
10:59:21.786,10,59,21,39561,aglawand,Review,6528006960971776-5676830073815040,createElement,01:54
11:00:10.286,11,00,10,39610,francesco.paduano91,Review,5935575278288896-5707702298738688,Test that if the parameters are not invalid the id and type of the function are always equal to the parameters,03:31
11:00:14.026,11,00,14,39614,ejshin1,WriteTest,6505883315994624-5629499534213120,Test that if type is Freehand the return value has exactly the same vertices as prevElement,05:38
11:00:42.620,11,00,42,39642,hosubl,Review,4742953859809280-5649050225344512,move an element to the extreme bottom,08:33
11:00:53.854,11,00,53,39653,aglawand,ReuseSearch,6604251220410368-5724160613416960,moveElement,01:32
11:02:04.426,11,02,04,39724,aglawand,WriteTest,5354664308506624-5668600916475904,move an element over an existing (or the original) element,01:11
11:02:20.925,11,02,20,39740,saisoft00,Review,4809675371446272-5717271485874176,createAction,05:55
11:03:08.338,11,03,08,39788,charig,WriteTest,6595824763011072-5668600916475904,Test that whenever any of the parameters is invalid the test function returns null,03:20
11:03:55.733,11,03,55,39835,hosubl,Review,6505883315994624-5707702298738688,Test that if type is Freehand the return value has exactly the same vertices as prevElement,03:13
11:03:55.817,11,03,55,39835,aglawand,WriteFunction,6528006960971776-5750085036015616,createElement,01:51
11:04:25.899,11,04,25,39865,aglawand,Review,6595824763011072-5741031244955648,Test that whenever any of the parameters is invalid the test function returns null,00:30
11:04:43.811,11,04,43,39883,vijay.0288,WriteFunction,4825824448479232-5741031244955648,renderDrawing,08:37
11:04:48.813,11,04,48,39888,charig,WriteTest,5935575278288896-5668600916475904,Test that if the parameters are not invalid the id and type of the function are always equal to the parameters,01:40
11:05:20.207,11,05,20,39920,aglawand,WriteTest,4742953859809280-5724160613416960,move an element to the extreme bottom,00:55
11:05:42.382,11,05,42,39942,aglawand,Review,5935575278288896-5741031244955648,Test that if the parameters are not invalid the id and type of the function are always equal to the parameters,00:22
11:06:16.837,11,06,16,39976,aglawand,WriteTest,6480564215349248-5668600916475904,Test that if the type is a line the element return just two vertices with mouseDownPos and mouseCurrPos as values,00:34
11:07:53.294,11,07,53,40073,aglawand,WriteTest,4774663871791104-5629499534213120,Test that if type is rectangle the return value has 4 vertices with the corresponding values each,01:37
11:08:04.263,11,08,04,40084,charig,Review,4825824448479232-5105650963054592,renderDrawing,03:16
11:08:08.607,11,08,08,40088,francesco.paduano91,WriteTestCases,4809675371446272-5639274879778816,createAction,07:58
11:09:13.309,11,09,13,40153,charig,Review,6480564215349248-5741031244955648,Test that if the type is a line the element return just two vertices with mouseDownPos and mouseCurrPos as values,01:09
11:09:15.567,11,09,15,40155,ejshin1,WriteTestCases,6604251220410368-5685265389584384,moveElement,09:01
11:09:19.922,11,09,19,40159,saisoft00,Review,5354664308506624-5741031244955648,move an element over an existing (or the original) element,06:59
11:10:22.028,11,10,22,40222,aglawand,Review,4809675371446272-5750085036015616,createAction,02:14
11:10:29.942,11,10,29,40229,vijay.0288,WriteFunction,4809675371446272-5676830073815040,createAction,05:46
11:10:40.233,11,10,40,40240,francesco.paduano91,Review,4774663871791104-5707702298738688,Test that if type is rectangle the return value has 4 vertices with the corresponding values each,02:32
11:12:06.204,11,12,06,40326,joaohenrique.jhsp,Review,4742953859809280-5144752345317376,move an element to the extreme bottom,06:15
11:12:24.328,11,12,24,40344,hosubl,Review,6528006960971776-5657382461898752,createElement,08:29
11:12:26.698,11,12,26,40346,francesco.paduano91,WriteTest,5219614162157568-5629499534213120,Test this function with various combinations of parameters (mouseDownPos; command; and elements),01:46
11:12:30.424,11,12,30,40350,charig,Review,6604251220410368-5161210659995648,moveElement,03:17
11:14:11.586,11,14,11,40451,charig,Review,5219614162157568-5707702298738688,Test this function with various combinations of parameters (mouseDownPos; command; and elements),01:41
11:15:07.516,11,15,07,40507,vijay.0288,WriteTest,5354664308506624-5649050225344512,move an element over an existing (or the original) element,04:38
11:15:34.823,11,15,34,40534,aglawand,Review,4809675371446272-5657382461898752,createAction,04:57
11:15:40.835,11,15,40,40540,francesco.paduano91,WriteTest,5433297375068160-5629499534213120,test this function with a command that is not among the ones accepted,00:34
11:15:41.153,11,15,41,40541,ejshin1,WriteFunction,4825824448479232-5649050225344512,renderDrawing,06:26
11:15:41.966,11,15,41,40541,thiago_paula,WriteTest,5455432294334464-5629499534213120,move command,02:55
11:15:58.689,11,15,58,40558,charig,WriteTest,5456800509853696-5629499534213120,test this function with only( mouseDownPos ),01:47
11:16:44.106,11,16,44,40604,charig,Review,5433297375068160-5707702298738688,test this function with a command that is not among the ones accepted,00:46
11:17:28.294,11,17,28,40648,charig,Review,5455432294334464-5707702298738688,move command,00:44
11:17:38.488,11,17,38,40658,aglawand,Review,5409190797377536-5707702298738688,Test function w/ `Move`; with non-empty elements & mousedown on second element; returns Action with id of second element,02:04
11:17:43.378,11,17,43,40663,hosubl,Review,5456800509853696-5707702298738688,test this function with only( mouseDownPos ),00:44
11:17:45.343,11,17,45,40665,joaohenrique.jhsp,WriteTest,4668991301746688-5629499534213120,Test this function with command `Move` with an empty list of elements; should expect a null Action as a return,05:39
11:17:48.763,11,17,48,40668,francesco.paduano91,Review,4825824448479232-5724160613416960,renderDrawing,02:08
11:18:14.111,11,18,14,40694,aglawand,WriteFunction,6528006960971776-5733935958982656,createElement,00:36
11:18:29.016,11,18,29,40709,vijay.0288,WriteTest,4901440568950784-5629499534213120,test that the elementId of the action respects the ids of the elements of the drawing,03:22
11:18:44.666,11,18,44,40724,charig,WriteTest,5219614162157568-5668600916475904,Test this function with various combinations of parameters (mouseDownPos; command; and elements),00:41
11:18:50.502,11,18,50,40730,francesco.paduano91,Review,4668991301746688-5707702298738688,Test this function with command `Move` with an empty list of elements; should expect a null Action as a return,01:02
11:19:25.881,11,19,25,40765,thiago_paula,WriteTest,4774663871791104-5668600916475904,Test that if type is rectangle the return value has 4 vertices with the corresponding values each,03:44
11:19:35.797,11,19,35,40775,charig,Review,4901440568950784-5707702298738688,test that the elementId of the action respects the ids of the elements of the drawing,00:51
11:20:07.570,11,20,07,40807,thiago_paula,Review,6604251220410368-5757334940811264,moveElement,00:42
11:20:29.210,11,20,29,40829,vijay.0288,Review,6528006960971776-5693417237512192,createElement,02:00
11:20:31.085,11,20,31,40831,ejshin1,Review,5354664308506624-5724160613416960,move an element over an existing (or the original) element,04:50
11:20:41.806,11,20,41,40841,charig,WriteTest,5455432294334464-5668600916475904,move command,00:57
11:20:44.143,11,20,44,40844,francesco.paduano91,Review,5219614162157568-5741031244955648,Test this function with various combinations of parameters (mouseDownPos; command; and elements),01:54
11:21:05.783,11,21,05,40865,aglawand,WriteFunction,4809675371446272-5113880120393728,createAction,02:51
11:21:15.337,11,21,15,40875,charig,WriteTest,4668991301746688-5668600916475904,Test this function with command `Move` with an empty list of elements; should expect a null Action as a return,00:34
11:21:21.124,11,21,21,40881,francesco.paduano91,Review,5455432294334464-5741031244955648,move command,00:37
11:21:25.429,11,21,25,40885,hosubl,WriteTest,4742953859809280-5685265389584384,move an element to the extreme bottom,03:42
11:21:41.994,11,21,41,40901,francesco.paduano91,Review,4668991301746688-5741031244955648,Test this function with command `Move` with an empty list of elements; should expect a null Action as a return,00:20
11:22:02.177,11,22,02,40922,ejshin1,WriteFunction,4825824448479232-5685265389584384,renderDrawing,01:31
11:23:05.594,11,23,05,40985,vijay.0288,Review,6528006960971776-5161210659995648,createElement,02:36
11:23:28.271,11,23,28,41008,hosubl,WriteTestCases,6604251220410368-5639274879778816,moveElement,02:03
11:23:39.173,11,23,39,41019,francesco.paduano91,Review,4742953859809280-5178081291534336,move an element to the extreme bottom,01:58
11:23:51.752,11,23,51,41031,vijay.0288,Review,4825824448479232-5144752345317376,renderDrawing,00:46
11:24:01.484,11,24,01,41041,joaohenrique.jhsp,ReuseSearch,6604251220410368-5105650963054592,moveElement,06:16
11:24:30.000,11,24,30,41070,charig,Review,4809675371446272-5733935958982656,createAction,03:15
11:24:38.887,11,24,38,41078,francesco.paduano91,Review,6604251220410368-5144752345317376,moveElement,00:59
11:25:33.922,11,25,33,41133,charig,Review,6604251220410368-5717271485874176,moveElement,01:03
11:26:25.108,11,26,25,41185,hosubl,WriteTest,5219614162157568-5649050225344512,Test this function with various combinations of parameters (mouseDownPos; command; and elements),02:57
11:27:17.308,11,27,17,41237,thiago_paula,WriteTest,5409190797377536-5668600916475904,Test function w/ `Move`; with non-empty elements & mousedown on second element; returns Action with id of second element,07:10
11:27:21.290,11,27,21,41241,aglawand,Review,5219614162157568-5724160613416960,Test this function with various combinations of parameters (mouseDownPos; command; and elements),00:40
11:28:16.232,11,28,16,41296,aglawand,Review,5409190797377536-5741031244955648,Test function w/ `Move`; with non-empty elements & mousedown on second element; returns Action with id of second element,00:55
11:28:20.071,11,28,20,41300,ejshin1,WriteTest,5354664308506624-5685265389584384,move an element over an existing (or the original) element,06:18
11:29:27.582,11,29,27,41367,aglawand,WriteTestCases,4809675371446272-5170986005561344,createAction,01:11
11:29:32.661,11,29,32,41372,hosubl,ReuseSearch,6604251220410368-5750085036015616,moveElement,03:07
11:30:05.141,11,30,05,41405,charig,WriteFunction,4809675371446272-5086100271923200,createAction,04:32
11:31:14.841,11,31,14,41474,hosubl,Review,4809675371446272-5187135082594304,createAction,01:42
11:31:31.670,11,31,31,41491,aglawand,Review,5354664308506624-5757334940811264,move an element over an existing (or the original) element,02:04
11:32:30.548,11,32,30,41550,aglawand,Review,4742953859809280-5639274879778816,move an element to the extreme bottom,00:43
11:32:44.242,11,32,44,41564,charig,WriteTest,5409190797377536-5649050225344512,Test function w/ `Move`; with non-empty elements & mousedown on second element; returns Action with id of second element,02:39
11:33:08.695,11,33,08,41588,joaohenrique.jhsp,WriteTest,5354664308506624-5178081291534336,move an element over an existing (or the original) element,01:25
11:33:24.978,11,33,24,41604,ejshin1,Review,6604251220410368-5657382461898752,moveElement,03:44
11:33:33.389,11,33,33,41613,hosubl,Review,4809675371446272-5693417237512192,createAction,02:19
11:33:41.779,11,33,41,41621,francesco.paduano91,WriteFunction,4825824448479232-5161210659995648,renderDrawing,09:03
11:34:11.013,11,34,11,41651,charig,Review,5354664308506624-5086100271923200,move an element over an existing (or the original) element,00:55
11:34:36.952,11,34,36,41676,aglawand,Review,5409190797377536-5724160613416960,Test function w/ `Move`; with non-empty elements & mousedown on second element; returns Action with id of second element,01:50
11:35:12.655,11,35,12,41712,ejshin1,ReuseSearch,4809675371446272-6320284894232576,createAction,01:32
11:35:18.446,11,35,18,41718,francesco.paduano91,ReuseSearch,4809675371446272-4912910010679296,createAction,01:37
11:35:20.071,11,35,20,41720,thiago_paula,WriteTestCases,6604251220410368-5676830073815040,moveElement,08:03
11:36:06.919,11,36,06,41766,hosubl,WriteCall,6604251220410368-5733935958982656,moveElement,02:28
11:36:45.214,11,36,45,41805,ejshin1,Review,6604251220410368-5693417237512192,moveElement,01:17
11:36:46.007,11,36,46,41806,aglawand,WriteTest,5354664308506624-5639274879778816,move an element over an existing (or the original) element,02:10
11:36:58.515,11,36,58,41818,charig,Review,4825824448479232-5757334940811264,renderDrawing,02:47
11:37:27.023,11,37,27,41847,vijay.0288,DebugTestFailure,6528006960971776-5766466041282560,createElement,13:36
11:37:37.125,11,37,37,41857,aglawand,WriteTest,5439283217301504-5629499534213120,check parameters validity,00:36
11:38:08.960,11,38,08,41888,joaohenrique.jhsp,ReuseSearch,4809675371446272-5194384987389952,createAction,04:29
11:38:26.103,11,38,26,41906,aglawand,WriteTest,6235839528960000-5629499534213120,pass as a parameter each change or have access to every change; saving this information for example,00:49
11:38:49.046,11,38,49,41929,charig,Review,5354664308506624-5717271485874176,move an element over an existing (or the original) element,01:51
11:38:56.694,11,38,56,41936,francesco.paduano91,WriteFunctionDescription,6544664857411584-5629499534213120,isInvalidPosition,03:05
11:39:41.463,11,39,41,41981,ejshin1,Review,6604251220410368-5766466041282560,moveElement,02:56
11:39:54.904,11,39,54,41994,charig,Review,6235839528960000-5707702298738688,pass as a parameter each change or have access to every change; saving this information for example,01:05
11:39:57.953,11,39,57,41997,francesco.paduano91,WriteTest,6526142676729856-5629499534213120,check that left the position set as the initial,01:01
11:40:38.640,11,40,38,42038,aglawand,Review,4809675371446272-5094432508477440,createAction,02:12
11:41:16.545,11,41,16,42076,ejshin1,Review,6544664857411584-5707702298738688,isInvalidPosition,01:35
11:41:28.016,11,41,28,42088,francesco.paduano91,WriteTest,5469924856168448-5685265389584384,move an element previously moved,01:31
11:41:29.433,11,41,29,42089,hosubl,Review,6528006960971776-5634387206995968,createElement,03:53
11:41:31.338,11,41,31,42091,joaohenrique.jhsp,Review,5439283217301504-5707702298738688,check parameters validity,03:23
11:41:51.826,11,41,51,42111,vijay.0288,Review,4774663871791104-5144752345317376,Test that if type is rectangle the return value has 4 vertices with the corresponding values each,04:24
11:41:57.493,11,41,57,42117,hosubl,Review,5469924856168448-5066549580791808,move an element previously moved,00:28
11:41:57.939,11,41,57,42117,aglawand,Review,6526142676729856-5707702298738688,check that left the position set as the initial,01:19
11:42:23.823,11,42,23,42143,francesco.paduano91,ReuseSearch,4809675371446272-6212000178765824,createAction,00:26
11:42:39.964,11,42,39,42159,ejshin1,WriteTest,6562441055961088-5629499534213120,need to define another function to check the element previously moved or not,01:23
11:43:10.529,11,43,10,42190,vijay.0288,WriteTestCases,6604251220410368-5634387206995968,moveElement,01:19
11:43:17.805,11,43,17,42197,francesco.paduano91,WriteFunctionDescription,4666595246866432-5629499534213120,firstElemInPosition,00:38
11:43:42.434,11,43,42,42222,francesco.paduano91,Review,6604251220410368-6313034989436928,moveElement,00:25
11:44:19.259,11,44,19,42259,thiago_paula,WriteFunctionDescription,5474817897660416-5629499534213120,isInvalidCommand,08:59
11:44:19.945,11,44,19,42259,ejshin1,WriteTest,5354664308506624-6212000178765824,move an element over an existing (or the original) element,01:40
11:45:21.782,11,45,21,42321,charig,WriteFunction,4825824448479232-5639274879778816,renderDrawing,05:27
11:45:23.531,11,45,23,42323,joaohenrique.jhsp,Review,5354664308506624-5676830073815040,move an element over an existing (or the original) element,01:02
11:45:26.048,11,45,26,42326,francesco.paduano91,WriteTestCases,6604251220410368-5187135082594304,moveElement,01:29
11:45:44.699,11,45,44,42344,ejshin1,Review,5474817897660416-5707702298738688,isInvalidCommand,01:25
11:45:48.774,11,45,48,42348,vijay.0288,Review,6562441055961088-5707702298738688,need to define another function to check the element previously moved or not,02:38
11:46:39.658,11,46,39,42399,ejshin1,Review,6604251220410368-5700735861784576,moveElement,00:55
11:46:50.537,11,46,50,42410,thiago_paula,Review,4666595246866432-5707702298738688,firstElemInPosition,02:31
11:47:00.056,11,47,00,42420,hosubl,WriteCall,4809675371446272-5161210659995648,createAction,05:03
11:47:15.844,11,47,15,42435,francesco.paduano91,WriteTest,4689890075738112-5668600916475904,move an element to the the extreme right; extreme right is (1000; 1000),01:49
11:48:01.385,11,48,01,42481,joaohenrique.jhsp,Review,4825824448479232-6231550869897216,renderDrawing,02:38
11:48:31.818,11,48,31,42511,francesco.paduano91,Review,4809675371446272-5154321532452864,createAction,01:16
11:50:13.400,11,50,13,42613,francesco.paduano91,WriteTestCases,6604251220410368-5154321532452864,moveElement,01:42
11:50:15.974,11,50,15,42615,aglawand,DebugTestFailure,6528006960971776-5203516087861248,createElement,08:18
11:50:29.908,11,50,29,42629,hosubl,Review,4689890075738112-5741031244955648,move an element to the the extreme right; extreme right is (1000; 1000),03:10
11:50:44.534,11,50,44,42644,thiago_paula,WriteTest,6526142676729856-5668600916475904,check that left the position set as the initial,03:54
11:50:53.388,11,50,53,42653,aglawand,ReuseSearch,4825824448479232-5194384987389952,renderDrawing,00:38
11:50:57.476,11,50,57,42657,hosubl,Review,6604251220410368-5130467284090880,moveElement,00:28
11:50:58.419,11,50,58,42658,vijay.0288,WriteTest,4742953859809280-5717271485874176,move an element to the extreme bottom; extreme bottom is (1000; 1000),05:10
11:51:27.352,11,51,27,42687,hosubl,Review,4742953859809280-5676830073815040,move an element to the extreme bottom; extreme bottom is (1000; 1000),00:30
11:52:18.847,11,52,18,42738,aglawand,Review,6526142676729856-5649050225344512,check that a move command with mouseDownPos = mouseCurrPos leave the position set as the initial,01:25
11:52:45.459,11,52,45,42765,ejshin1,WriteFunctionDescription,5474817897660416-5668600916475904,isInvalidCommand,06:06
11:53:19.626,11,53,19,42799,vijay.0288,WriteFunctionDescription,6535090704220160-5629499534213120,isValidElement,02:21
11:53:39.899,11,53,39,42819,hosubl,WriteTest,6526142676729856-5724160613416960,check that a move command with mouseDownPos = mouseCurrPos leave the position set as the initial,01:07
11:53:43.754,11,53,43,42823,francesco.paduano91,Review,6528006960971776-5700735861784576,createElement,03:13
11:54:08.203,11,54,08,42848,aglawand,Review,5474817897660416-5741031244955648,isInvalidCommand,01:19
11:54:27.090,11,54,27,42867,charig,WriteCall,6604251220410368-6231550869897216,moveElement,08:22
11:54:40.598,11,54,40,42880,thiago_paula,WriteTest,4689890075738112-5649050225344512,move an element to the the extreme right; extreme right is (1000; 1000),03:56
11:55:41.757,11,55,41,42941,francesco.paduano91,Review,6526142676729856-5685265389584384,check that a move command with mouseDownPos = mouseCurrPos leave the position set as the initial,01:58
11:56:37.164,11,56,37,42997,charig,Review,4689890075738112-5066549580791808,move an element to the the extreme right; extreme right is (1000; 1000),01:54
11:56:43.415,11,56,43,43003,vijay.0288,WriteFunctionDescription,5474817897660416-5649050225344512,isInvalidCommand,02:23
11:56:48.365,11,56,48,43008,aglawand,Review,6604251220410368-4824175986343936,moveElement,02:09
11:56:50.316,11,56,50,43010,joaohenrique.jhsp,WriteFunctionDescription,4666595246866432-5668600916475904,firstElemInPosition,08:49
11:58:26.014,11,58,26,43106,francesco.paduano91,WriteTest,4689890075738112-5724160613416960,move an element to the the extreme right; extreme right is (1000; 1000),01:44
11:58:28.167,11,58,28,43108,aglawand,Review,5474817897660416-5724160613416960,isInvalidCommand,01:40
11:59:01.906,11,59,01,43141,joaohenrique.jhsp,ReuseSearch,6604251220410368-5203516087861248,moveElement,02:11
11:59:15.043,11,59,15,43155,aglawand,Review,4689890075738112-5685265389584384,move an element to the the extreme right; extreme right is (1000; 1000),00:47
11:59:52.350,11,59,52,43192,charig,Review,4666595246866432-5066549580791808,firstElemInPosition,03:00
11:59:56.733,11,59,56,43196,francesco.paduano91,WriteFunctionDescription,5474817897660416-5685265389584384,isInvalidCommand,01:15
12:00:51.692,12,00,51,43251,vijay.0288,Review,5474817897660416-5161210659995648,isInvalidCommand,00:48
12:01:05.292,12,01,05,43265,ejshin1,Review,6535090704220160-5707702298738688,isValidElement,07:34
12:01:51.855,12,01,51,43311,francesco.paduano91,WriteFunctionDescription,4666595246866432-5741031244955648,firstElemInPosition,01:55
12:01:52.555,12,01,52,43312,thiago_paula,WriteTest,6526142676729856-5741031244955648,check that a move command with mouseDownPos = mouseCurrPos leave the position set as the initial,06:10
12:02:03.437,12,02,03,43323,charig,WriteCall,4809675371446272-5766466041282560,createAction,01:10
12:02:59.872,12,02,59,43379,aglawand,WriteFunctionDescription,6559197281910784-5629499534213120,getSecondEssential,03:44
12:03:06.314,12,03,06,43386,charig,Review,6526142676729856-5757334940811264,check that a move command with mouseDownPos = mouseCurrPos leave the position set as the initial,01:03
12:03:09.574,12,03,09,43389,ejshin1,Review,4809675371446272-5203516087861248,createAction,01:03
12:04:06.249,12,04,06,43446,charig,Review,6559197281910784-5707702298738688,getSecondEssential,01:00
12:04:20.968,12,04,20,43460,hosubl,WriteTest,6526142676729856-5639274879778816,check that a move command with mouseDownPos = mouseCurrPos leave the position set as the initial,01:12
12:05:11.465,12,05,11,43511,thiago_paula,Review,4666595246866432-5649050225344512,firstElemInPosition,03:19
12:05:13.538,12,05,13,43513,charig,Review,6526142676729856-5105650963054592,check that a move command with mouseDownPos = mouseCurrPos leave the position set as the initial,00:51
12:05:24.138,12,05,24,43524,joaohenrique.jhsp,WriteFunctionDescription,6535090704220160-5668600916475904,isValidElement,04:13
12:05:37.521,12,05,37,43537,aglawand,WriteFunction,5474817897660416-5194384987389952,isInvalidCommand,02:22
12:06:01.678,12,06,01,43561,ejshin1,WriteFunctionDescription,6559197281910784-5668600916475904,getSecondEssential,01:51
12:06:56.421,12,06,56,43616,aglawand,Review,6559197281910784-5741031244955648,getSecondEssential,00:48
12:07:18.867,12,07,18,43638,charig,WriteFunctionDescription,4666595246866432-5724160613416960,firstElemInPosition,02:05
12:07:43.217,12,07,43,43663,aglawand,Review,4666595246866432-5685265389584384,firstElemInPosition,00:16
12:07:57.697,12,07,57,43677,ejshin1,WriteCall,6604251220410368-6192449487634432,moveElement,00:55
12:08:02.511,12,08,02,43682,hosubl,Review,5474817897660416-5639274879778816,isInvalidCommand,02:10
12:08:32.570,12,08,32,43712,aglawand,Review,6604251220410368-5673385510043648,moveElement,00:31
12:09:09.900,12,09,09,43749,joaohenrique.jhsp,WriteTest,6526142676729856-5717271485874176,check that a move command with mouseDownPos = mouseCurrPos leave the position set as the initial,03:45
12:09:39.156,12,09,39,43779,charig,WriteFunction,4809675371446272-5634387206995968,createAction,01:50
12:10:19.198,12,10,19,43819,francesco.paduano91,DebugTestFailure,6528006960971776-6329415994703872,createElement,07:42
12:10:37.075,12,10,37,43837,ejshin1,WriteFunction,5474817897660416-5717271485874176,isInvalidCommand,02:24
12:10:55.838,12,10,55,43855,charig,Review,6526142676729856-5086100271923200,check that a move command with mouseDownPos = mouseCurrPos leave the position set as the initial,01:16
12:11:10.424,12,11,10,43870,vijay.0288,WriteTestCases,5474817897660416-5757334940811264,isInvalidCommand,07:47
12:11:12.233,12,11,12,43872,aglawand,Review,4809675371446272-5105650963054592,createAction,00:57
12:11:48.483,12,11,48,43908,ejshin1,Review,6528006960971776-5673385510043648,createElement,01:11
12:11:53.583,12,11,53,43913,aglawand,Review,5474817897660416-6320284894232576,isInvalidCommand,00:41
12:11:53.649,12,11,53,43913,charig,Review,5474817897660416-6287110566838272,isInvalidCommand,00:58
12:12:27.516,12,12,27,43947,hosubl,WriteFunction,6559197281910784-5086100271923200,getSecondEssentialPosition,03:39
12:12:35.372,12,12,35,43955,ejshin1,WriteTest,4766237414391808-5629499534213120,"Test if command string is ""move"" return TRUE",00:30
12:12:38.900,12,12,38,43958,charig,WriteTest,4650976866729984-5629499534213120,"Test if command string is ""Line"" return FALSE",00:28
12:12:50.819,12,12,50,43970,joaohenrique.jhsp,WriteTestCases,6559197281910784-5649050225344512,getSecondEssentialPosition,03:41
12:12:51.339,12,12,51,43971,vijay.0288,WriteTest,6530350402502656-5629499534213120,"Test if command string is ""Move"" return FALSE",00:51
12:12:57.407,12,12,57,43977,charig,Review,4766237414391808-5707702298738688,"Test if command string is ""move"" return TRUE",00:19
12:13:12.136,12,13,12,43992,charig,Review,6530350402502656-5707702298738688,"Test if command string is ""Move"" return FALSE",00:15
12:13:23.409,12,13,23,44003,ejshin1,Review,6559197281910784-5724160613416960,getSecondEssentialPosition,00:48
12:13:33.384,12,13,33,44013,charig,WriteTest,5900563778633728-5629499534213120,"Test if command string is ""Rectangle"" return FALSE",00:21
12:13:34.691,12,13,34,44014,ejshin1,WriteTest,6283555407659008-5629499534213120,"Test if command string is ""freehand"" return TRUE",00:11
12:13:49.009,12,13,49,44029,charig,WriteTest,6565183124144128-5629499534213120,"Test if command string is ""rectangle"" return TRUE",00:16
12:13:50.402,12,13,50,44030,francesco.paduano91,WriteTest,4676295967375360-5629499534213120,"Test if command string is ""line"" return TRUE",00:32
12:13:50.497,12,13,50,44030,hosubl,WriteTest,5372625324867584-5629499534213120,"Test if command string is ""Freehand"" return FALSE",01:23
12:14:14.644,12,14,14,44054,charig,Review,4676295967375360-5707702298738688,"Test if command string is ""line"" return TRUE",00:25
12:14:16.537,12,14,16,44056,joaohenrique.jhsp,Review,4650976866729984-5707702298738688,"Test if command string is ""Line"" return FALSE",01:26
12:14:17.191,12,14,17,44057,ejshin1,Review,5900563778633728-5707702298738688,"Test if command string is ""Rectangle"" return FALSE",00:43
12:14:17.986,12,14,17,44057,vijay.0288,Review,6559197281910784-5685265389584384,getSecondEssentialPosition,01:26
12:14:18.334,12,14,18,44058,hosubl,Review,6565183124144128-5707702298738688,"Test if command string is ""rectangle"" return TRUE",00:28
12:14:24.782,12,14,24,44064,charig,Review,5372625324867584-5707702298738688,"Test if command string is ""Freehand"" return FALSE",00:10
12:14:30.188,12,14,30,44070,ejshin1,WriteTest,6489254813237248-5629499534213120,Test if command string is null return TRUE,00:13
12:14:40.544,12,14,40,44080,francesco.paduano91,Review,6283555407659008-5707702298738688,"Test if command string is ""freehand"" return TRUE",00:50
12:14:41.618,12,14,41,44081,hosubl,WriteTest,4828464645406720-5629499534213120,"Test is command string is ""LINE"" return TRUE",00:23
12:14:45.645,12,14,45,44085,charig,WriteTest,4696555328110592-5629499534213120,"Test is command string is ""FREEHAND"" return TRUE",00:21
12:14:51.685,12,14,51,44091,vijay.0288,WriteTest,5205989720588288-5629499534213120,"Test if command string is ""MOVE"" return TRUE",00:34
12:14:53.549,12,14,53,44093,joaohenrique.jhsp,WriteTest,4732853707341824-5629499534213120,"Test if command string is """" (empty string) return TRUE",00:37
12:14:54.120,12,14,54,44094,francesco.paduano91,Review,6489254813237248-5707702298738688,Test if command string is null return TRUE,00:14
12:14:57.670,12,14,57,44097,hosubl,WriteTest,5951724355321856-5629499534213120,"Test if command string is ""$#%#$%#$egsh%"" return TRUE",00:16
12:15:06.425,12,15,06,44106,charig,Review,4828464645406720-5707702298738688,"Test is command string is ""LINE"" return TRUE",00:21
12:15:20.522,12,15,20,44120,hosubl,Review,4732853707341824-5707702298738688,"Test if command string is """" (empty string) return TRUE",00:23
12:15:29.373,12,15,29,44129,ejshin1,WriteTest,4762813788585984-5629499534213120,"Test if command string is ""RECTANGLE"" return TRUE",00:59
12:15:39.341,12,15,39,44139,charig,Review,5951724355321856-5707702298738688,"Test if command string is ""$#%#$%#$egsh%"" return TRUE",00:33
12:15:41.494,12,15,41,44141,vijay.0288,Review,4696555328110592-5707702298738688,"Test is command string is ""FREEHAND"" return TRUE",00:50
12:15:43.855,12,15,43,44143,thiago_paula,Review,6535090704220160-5741031244955648,isValidElement,10:16
12:15:51.237,12,15,51,44151,joaohenrique.jhsp,Review,5205989720588288-5707702298738688,"Test if command string is ""MOVE"" return TRUE",00:58
12:16:18.923,12,16,18,44178,charig,Review,4762813788585984-5707702298738688,"Test if command string is ""RECTANGLE"" return TRUE",00:39
12:16:37.912,12,16,37,44197,aglawand,DebugTestFailure,6528006960971776-5738600293466112,createElement,04:44
12:17:00.310,12,17,00,44220,francesco.paduano91,WriteTest,6600717804503040-5629499534213120,Test if command string is not of type String; return TRUE,02:06
12:17:11.964,12,17,11,44231,ejshin1,WriteFunction,6604251220410368-5178081291534336,moveElement,01:42
12:17:23.252,12,17,23,44243,vijay.0288,WriteFunction,6559197281910784-5757334940811264,getSecondEssentialPosition,01:42
12:17:37.525,12,17,37,44257,aglawand,WriteTest,4732853707341824-5668600916475904,"Test if command string is """" (empty string) return TRUE",01:00
12:17:53.937,12,17,53,44273,thiago_paula,WriteTest,4676295967375360-5668600916475904,"Test if command string is ""line"" return TRUE",02:10
12:17:59.085,12,17,59,44279,aglawand,Review,6559197281910784-5717271485874176,getSecondEssentialPosition,00:22
12:18:03.385,12,18,03,44283,charig,WriteTestCases,6559197281910784-5639274879778816,getSecondEssentialPosition,01:45
12:18:16.140,12,18,16,44296,ejshin1,Review,6600717804503040-5707702298738688,Test if command string is not of type String; return TRUE,01:05
12:18:26.955,12,18,26,44306,vijay.0288,Review,6604251220410368-5071437253574656,moveElement,01:03
12:18:33.425,12,18,33,44313,aglawand,Review,4676295967375360-5741031244955648,"Test if command string is ""line"" return TRUE",00:34
12:18:47.182,12,18,47,44327,aglawand,WriteTest,5205989720588288-5668600916475904,"Test if command string is ""MOVE"" return TRUE",00:14
12:18:57.302,12,18,57,44337,vijay.0288,WriteTest,4762813788585984-5668600916475904,"Test if command string is ""RECTANGLE"" return TRUE",00:31
12:19:08.307,12,19,08,44348,vijay.0288,Review,5205989720588288-5741031244955648,"Test if command string is ""MOVE"" return TRUE",00:11
12:19:18.313,12,19,18,44358,ejshin1,Review,6559197281910784-5750085036015616,getSecondEssentialPosition,01:02
12:19:38.818,12,19,38,44378,francesco.paduano91,Review,6528006960971776-5086100271923200,createElement,02:38
12:19:46.695,12,19,46,44386,thiago_paula,Review,4732853707341824-5741031244955648,"Test if command string is """" (empty string) return TRUE",01:53
12:19:47.842,12,19,47,44387,aglawand,WriteFunction,6559197281910784-5676830073815040,getSecondEssentialPosition,01:00
12:19:48.544,12,19,48,44388,charig,WriteFunctionDescription,6535090704220160-5649050225344512,isValidElement,01:45
12:19:56.225,12,19,56,44396,ejshin1,Review,4762813788585984-5741031244955648,"Test if command string is ""RECTANGLE"" return TRUE",00:38
12:20:50.129,12,20,50,44450,aglawand,Review,6535090704220160-5724160613416960,isValidElement,00:47
12:20:55.897,12,20,55,44455,ejshin1,Review,6559197281910784-5105650963054592,getSecondEssentialPosition,00:59
12:21:01.644,12,21,01,44461,aglawand,WriteTest,4762813788585984-5649050225344512,"Test if command string is ""RECTANGLE"" return TRUE",00:11
12:21:08.113,12,21,08,44468,hosubl,WriteFunction,6604251220410368-6197337160417280,moveElement,01:31
12:21:08.996,12,21,08,44468,ejshin1,WriteTest,4732853707341824-5649050225344512,"Test if command string is """" (empty string) return TRUE",00:13
12:21:23.327,12,21,23,44483,hosubl,Review,4762813788585984-5724160613416960,"Test if command string is ""RECTANGLE"" return TRUE",00:15
12:21:35.162,12,21,35,44495,hosubl,Review,4732853707341824-5724160613416960,"Test if command string is """" (empty string) return TRUE",00:12
12:21:41.188,12,21,41,44501,francesco.paduano91,WriteTestCases,6559197281910784-5657382461898752,getSecondEssentialPosition,02:03
12:21:47.046,12,21,47,44507,ejshin1,Review,6604251220410368-5738600293466112,moveElement,00:39
12:22:09.314,12,22,09,44529,vijay.0288,WriteTest,6600717804503040-5668600916475904,Test if command string is not of type String; return TRUE,03:01
12:22:21.764,12,22,21,44541,hosubl,WriteFunction,6604251220410368-6287110566838272,moveElement,00:31
12:23:24.494,12,23,24,44604,joaohenrique.jhsp,WriteTest,4828464645406720-5668600916475904,"Test is command string is ""LINE"" return TRUE",07:33
12:23:49.304,12,23,49,44629,hosubl,Review,4828464645406720-5741031244955648,"Test is command string is ""LINE"" return TRUE",00:11
12:24:10.328,12,24,10,44650,vijay.0288,Review,6604251220410368-6270652252160000,moveElement,01:45
12:26:06.740,12,26,06,44766,ejshin1,Review,6559197281910784-5178081291534336,getSecondEssentialPosition,04:19
12:26:43.604,12,26,43,44803,vijay.0288,WriteTestCases,6559197281910784-5733935958982656,getSecondEssentialPosition,00:32
12:27:41.347,12,27,41,44861,charig,DebugTestFailure,6528006960971776-5122315436163072,createElement,07:53
12:27:52.107,12,27,52,44872,hosubl,Review,6559197281910784-5170986005561344,getSecondEssentialPosition,01:00
12:27:52.660,12,27,52,44872,aglawand,WriteFunctionDescription,6535090704220160-5685265389584384,isValidElement,06:51
12:28:40.283,12,28,40,44920,aglawand,WriteTest,5792495153709056-5629499534213120,Test with a Line should return the second point,00:32
12:28:53.342,12,28,53,44933,francesco.paduano91,Review,6600717804503040-5066549580791808,Test if command string is not of type String; return TRUE,06:40
12:28:55.095,12,28,55,44935,vijay.0288,Review,6528006960971776-5130467284090880,createElement,01:11
12:28:57.600,12,28,57,44937,aglawand,WriteTest,4705503355600896-5629499534213120,Test with a Rectangle should return the fourth point,00:17
12:29:24.568,12,29,24,44964,vijay.0288,WriteTest,6581332201177088-5629499534213120,test with freeHand element,00:29
12:29:29.750,12,29,29,44969,hosubl,Review,4825824448479232-5707702298738688,renderDrawing,01:37
12:29:30.083,12,29,30,44970,ejshin1,Review,6535090704220160-5105650963054592,isValidElement,01:22
12:29:41.720,12,29,41,44981,francesco.paduano91,Review,5792495153709056-5707702298738688,Test with a Line should return the second point,00:48
12:29:46.593,12,29,46,44986,aglawand,WriteTest,6600717804503040-5741031244955648,Test if command string is not of type String; return TRUE,00:49
12:29:57.794,12,29,57,44997,charig,WriteTest,6345514069000192-5629499534213120,Test with invalid element,02:01
12:30:03.598,12,30,03,45003,hosubl,Review,6581332201177088-5707702298738688,test with freeHand element,00:34
12:30:27.938,12,30,27,45027,hosubl,Review,6345514069000192-5707702298738688,Test with invalid element,00:24
12:30:59.088,12,30,59,45059,vijay.0288,Review,4705503355600896-5707702298738688,Test with a Rectangle should return the fourth point,01:35
12:31:05.611,12,31,05,45065,ejshin1,WriteTest,5935575278288896-5649050225344512,Test that if the parameters are not invalid the id and type of the function are always equal to the parameters,01:35
12:31:10.860,12,31,10,45070,charig,Review,6600717804503040-5178081291534336,Test if command string is not of type String; return TRUE,01:13
12:31:41.987,12,31,41,45101,francesco.paduano91,WriteCall,4825824448479232-5717271485874176,renderDrawing,02:00
12:32:36.278,12,32,36,45156,charig,Review,4825824448479232-5676830073815040,renderDrawing,00:39
12:32:55.181,12,32,55,45175,aglawand,DebugTestFailure,5474817897660416-5676830073815040,isInvalidCommand,03:09
12:33:52.642,12,33,52,45232,vijay.0288,Review,5935575278288896-5724160613416960,Test that if the parameters are not invalid the id and type of the function are always equal to the parameters,02:08
12:34:12.425,12,34,12,45252,francesco.paduano91,WriteTestCases,6535090704220160-5122315436163072,isValidElement,01:29
12:34:48.937,12,34,48,45288,francesco.paduano91,DebugTestFailure,6559197281910784-5693417237512192,getSecondEssentialPosition,00:21
12:34:51.851,12,34,51,45291,aglawand,WriteTest,5935575278288896-5685265389584384,Test that if the parameters are not invalid the id and type of the function are always equal to the parameters,00:56
12:35:01.096,12,35,01,45301,hosubl,Review,6535090704220160-5757334940811264,isValidElement,00:43
12:35:16.293,12,35,16,45316,francesco.paduano91,DebugTestFailure,6559197281910784-5066549580791808,getSecondEssentialPosition,00:12
12:35:33.675,12,35,33,45333,francesco.paduano91,WriteTest,5888713695428608-5629499534213120,Test if the function return false when anElement is null,00:17
12:35:37.413,12,35,37,45337,aglawand,WriteTest,5822455234953216-5629499534213120,Test if the function returns true when the element is correctly well-formed,00:30
12:35:41.939,12,35,41,45341,hosubl,Review,5935575278288896-5757334940811264,Test that if the parameters are not invalid the id and type of the function are always equal to the parameters,00:40
12:35:48.117,12,35,48,45348,vijay.0288,Review,5474817897660416-5750085036015616,isInvalidCommand,01:56
12:36:01.277,12,36,01,45361,aglawand,Review,5888713695428608-5707702298738688,Test if the function return false when anElement is null,00:24
12:36:05.949,12,36,05,45365,hosubl,Review,5822455234953216-5707702298738688,Test if the function returns true when the element is correctly well-formed,00:24
12:36:16.821,12,36,16,45376,francesco.paduano91,WriteTest,5388774401900544-5629499534213120,Test if the function return false when anElement has no vertices,00:43
12:36:17.699,12,36,17,45377,aglawand,WriteTest,4766237414391808-5668600916475904,"Test if command string is ""move"" return TRUE",00:16
12:36:32.667,12,36,32,45392,aglawand,Review,5388774401900544-5707702298738688,Test if the function return false when anElement has no vertices,00:15
12:36:37.539,12,36,37,45397,ejshin1,WriteFunction,4825824448479232-5750085036015616,renderDrawing,04:00
12:36:45.311,12,36,45,45405,hosubl,Review,4766237414391808-5741031244955648,"Test if command string is ""move"" return TRUE",00:24
12:37:37.184,12,37,37,45457,francesco.paduano91,WriteTestCases,6535090704220160-5639274879778816,isValidElement,01:21
12:38:11.927,12,38,11,45491,aglawand,Review,6535090704220160-5717271485874176,isValidElement,00:32
12:38:21.849,12,38,21,45501,ejshin1,WriteFunction,6604251220410368-5137785908363264,moveElement,01:13
12:38:42.590,12,38,42,45522,aglawand,Review,6604251220410368-6329415994703872,moveElement,00:15
12:38:53.306,12,38,53,45533,joaohenrique.jhsp,Review,4825824448479232-5187135082594304,renderDrawing,02:13
12:39:28.529,12,39,28,45568,hosubl,WriteFunction,6604251220410368-5094432508477440,moveElement,00:39
12:40:38.699,12,40,38,45638,francesco.paduano91,DebugTestFailure,6528006960971776-5653164804014080,createElement,03:01
12:40:57.194,12,40,57,45657,vijay.0288,DebugTestFailure,5474817897660416-5657382461898752,isInvalidCommand,04:54
12:41:20.638,12,41,20,45680,joaohenrique.jhsp,Review,6604251220410368-6303981198376960,moveElement,01:39
12:41:36.892,12,41,36,45696,aglawand,Review,5474817897660416-5144752345317376,isInvalidCommand,00:32
12:41:43.394,12,41,43,45703,charig,WriteFunction,6535090704220160-6248215343005696,isValidElement,08:35
12:41:46.432,12,41,46,45706,ejshin1,WriteFunction,4825824448479232-5657382461898752,renderDrawing,01:30
12:42:19.213,12,42,19,45739,charig,WriteTest,6283555407659008-5668600916475904,"Test if command string is ""freehand"" return TRUE",00:36
12:42:29.256,12,42,29,45749,vijay.0288,DebugTestFailure,5474817897660416-5733935958982656,isInvalidCommand,00:46
12:42:31.012,12,42,31,45751,ejshin1,Review,6535090704220160-5676830073815040,isValidElement,00:45
12:42:39.748,12,42,39,45759,hosubl,Review,6528006960971776-5076324926357504,createElement,01:55
12:42:50.881,12,42,50,45770,vijay.0288,Review,6283555407659008-5066549580791808,"Test if command string is ""freehand"" return TRUE",00:21
12:43:17.156,12,43,17,45797,joaohenrique.jhsp,Review,4825824448479232-5733935958982656,renderDrawing,01:26
12:43:18.237,12,43,18,45798,aglawand,WriteFunction,6604251220410368-5653164804014080,moveElement,01:07
12:43:38.498,12,43,38,45818,ejshin1,WriteTest,4774663871791104-5105650963054592,Test that if type is rectangle the return value has 4 vertices with the corresponding values each,00:52
12:43:40.104,12,43,40,45820,hosubl,WriteFunction,6535090704220160-5750085036015616,isValidElement,01:01
12:43:46.191,12,43,46,45826,francesco.paduano91,WriteTest,5935575278288896-5639274879778816,Test that if the parameters are not invalid the id and type of the function are always equal to the parameters,01:00
12:44:00.716,12,44,00,45840,aglawand,WriteFunction,4825824448479232-5113880120393728,renderDrawing,00:42
12:44:13.588,12,44,13,45853,ejshin1,Review,6535090704220160-5144752345317376,isValidElement,00:35
12:44:25.236,12,44,25,45865,joaohenrique.jhsp,Review,6604251220410368-5718998062727168,moveElement,00:53
12:44:33.340,12,44,33,45873,francesco.paduano91,Review,4774663871791104-5741031244955648,Test that if type is rectangle the return value has 4 vertices with the corresponding values each,00:47
12:45:27.588,12,45,27,45927,hosubl,Review,4825824448479232-5170986005561344,renderDrawing,01:17
12:45:45.402,12,45,45,45945,vijay.0288,Review,5935575278288896-5717271485874176,Test that if the parameters are not invalid the id and type of the function are always equal to the parameters,01:53
12:45:51.411,12,45,51,45951,charig,DebugTestFailure,6528006960971776-5137785908363264,createElement,03:01
12:46:26.516,12,46,26,45986,hosubl,Review,4825824448479232-5707702298738688,renderDrawing,00:59
12:46:42.272,12,46,42,46002,charig,WriteTest,5935575278288896-5676830073815040,Test that if the parameters are not invalid the id and type of the function are always equal to the parameters,00:51
12:46:47.190,12,46,47,46007,aglawand,WriteFunction,6535090704220160-5066549580791808,isValidElement,02:31
12:48:03.336,12,48,03,46083,ejshin1,DebugTestFailure,6604251220410368-5950075893186560,moveElement,03:35
12:48:34.542,12,48,34,46114,francesco.paduano91,Review,6535090704220160-5657382461898752,isValidElement,01:45
12:48:37.603,12,48,37,46117,vijay.0288,Review,5935575278288896-5750085036015616,Test that if the parameters are not invalid the id and type of the function are always equal to the parameters,01:50
12:48:45.395,12,48,45,46125,joaohenrique.jhsp,Review,6528006960971776-5113880120393728,createElement,02:46
12:49:06.315,12,49,06,46146,hosubl,WriteTest,5935575278288896-5657382461898752,Test that if the parameters are not invalid the id and type of the function are always equal to the parameters,00:22
12:49:44.746,12,49,44,46184,charig,Review,5935575278288896-5094432508477440,Test that if the parameters are not invalid the id and type of the function are always equal to the parameters,00:29
12:50:04.507,12,50,04,46204,aglawand,DebugTestFailure,6528006960971776-5718998062727168,createElement,01:15
12:50:08.060,12,50,08,46208,ejshin1,WriteTest,6505883315994624-5668600916475904,Test that if type is Freehand the return value has exactly the same vertices as prevElement,01:19
12:50:27.650,12,50,27,46227,hosubl,Review,6505883315994624-5741031244955648,Test that if type is Freehand the return value has exactly the same vertices as prevElement,00:19
12:50:34.888,12,50,34,46234,vijay.0288,WriteFunction,6535090704220160-5161210659995648,isValidElement,01:57
12:51:30.046,12,51,30,46290,francesco.paduano91,Review,6535090704220160-5733935958982656,isValidElement,00:55
12:52:44.232,12,52,44,46364,charig,WriteFunction,6535090704220160-5693417237512192,isValidElement,01:09
12:53:34.486,12,53,34,46414,hosubl,Review,6535090704220160-5154321532452864,isValidElement,00:50
12:54:22.016,12,54,22,46462,aglawand,ReuseSearch,6535090704220160-6192449487634432,isValidElement,00:45
13:02:21.326,13,02,21,46941,vijay.0288,WriteFunctionDescription,4659667464617984-5629499534213120,allDifferent,07:58
13:03:18.165,13,03,18,46998,francesco.paduano91,Review,4659667464617984-5707702298738688,allDifferent,00:57
13:09:43.960,13,09,43,47383,ejshin1,WriteCall,6535090704220160-6287110566838272,isValidElement,06:23
13:14:16.683,13,14,16,47656,thiago_paula,Review,6535090704220160-6280221439295488,isValidElement,04:26
13:21:06.389,13,21,06,48066,charig,WriteTestCases,4659667464617984-5668600916475904,allDifferent,02:01
13:22:14.414,13,22,14,48134,ejshin1,Review,4659667464617984-5741031244955648,allDifferent,01:06
13:24:00.011,13,24,00,48240,hosubl,WriteTest,5892137321234432-5629499534213120,Test with an empty list of vertices. Should return true,01:44
13:24:03.360,13,24,03,48243,aglawand,WriteTest,6498525231710208-5629499534213120,Test with a list with two equal vertices should return false,01:35
13:24:16.619,13,24,16,48256,francesco.paduano91,WriteTest,5337613825212416-5629499534213120,Test with invalid vertices should return false,01:45
13:24:23.373,13,24,23,48263,vijay.0288,WriteCall,6535090704220160-5766466041282560,isValidElement,10:02
13:24:31.450,13,24,31,48271,ejshin1,Review,5776876773572608-5707702298738688,Test with a list of vertices all different should true,00:46
13:24:40.749,13,24,40,48280,vijay.0288,Review,6498525231710208-5707702298738688,Test with a list with two equal vertices should return false,00:17
13:24:47.560,13,24,47,48287,charig,Review,5337613825212416-5707702298738688,Test with invalid vertices should return false,00:21
13:24:50.586,13,24,50,48290,aglawand,Review,5892137321234432-5707702298738688,Test with an empty list of vertices. Should return true,00:47
13:26:55.206,13,26,55,48415,francesco.paduano91,DebugTestFailure,4825824448479232-5693417237512192,renderDrawing,01:38
13:27:04.387,13,27,04,48424,ejshin1,Review,6535090704220160-6231550869897216,isValidElement,02:33
13:28:07.716,13,28,07,48487,hosubl,WriteFunction,6544664857411584-5105650963054592,isInvalidPosition,01:33
13:29:23.688,13,29,23,48563,charig,Review,6544664857411584-5741031244955648,isInvalidPosition,01:15
13:29:52.509,13,29,52,48592,vijay.0288,WriteFunction,4659667464617984-5105650963054592,allDifferent,05:12
13:31:06.688,13,31,06,48666,ejshin1,WriteCall,6535090704220160-5634387206995968,isValidElement,00:26
13:31:08.852,13,31,08,48668,francesco.paduano91,WriteFunction,6544664857411584-5066549580791808,isInvalidPosition,01:41
13:31:39.233,13,31,39,48699,francesco.paduano91,Review,6535090704220160-5113880120393728,isValidElement,00:31
13:31:42.613,13,31,42,48702,aglawand,Review,4659667464617984-5649050225344512,allDifferent,01:47
13:31:52.504,13,31,52,48712,thiago_paula,WriteTestCases,6544664857411584-5668600916475904,isInvalidPosition,08:38
13:32:51.961,13,32,51,48771,francesco.paduano91,Review,6544664857411584-5724160613416960,isInvalidPosition,00:57
13:32:56.482,13,32,56,48776,ejshin1,Review,6544664857411584-5649050225344512,isInvalidPosition,01:19
13:33:55.679,13,33,55,48835,charig,WriteTestCases,4659667464617984-5668600916475904,allDifferent,02:13
13:34:21.873,13,34,21,48861,aglawand,WriteFunction,4659667464617984-5105650963054592,allDifferent,02:39
13:34:35.392,13,34,35,48875,hosubl,WriteTestCases,6544664857411584-5685265389584384,isInvalidPosition,01:41
13:34:46.330,13,34,46,48886,ejshin1,Review,4659667464617984-6231550869897216,allDifferent,00:49
13:35:38.433,13,35,38,48938,aglawand,Review,6544664857411584-5639274879778816,isInvalidPosition,01:01
13:36:16.225,13,36,16,48976,vijay.0288,Review,4659667464617984-5685265389584384,allDifferent,01:53
13:36:22.153,13,36,22,48982,ejshin1,WriteTestCases,6544664857411584-5717271485874176,isInvalidPosition,00:35
13:36:27.745,13,36,27,48987,hosubl,WriteTest,4924514743877632-5629499534213120,Test that the parameters is an array of vertices,01:37
13:37:09.581,13,37,09,49029,vijay.0288,Review,4924514743877632-5707702298738688,Test that the parameters is an array of vertices,00:38
13:37:44.693,13,37,44,49064,aglawand,Review,6544664857411584-5161210659995648,isInvalidPosition,01:20
13:38:29.757,13,38,29,49109,hosubl,WriteFunction,4659667464617984-5757334940811264,allDifferent,01:01
13:39:19.049,13,39,19,49159,vijay.0288,WriteTestCases,6544664857411584-5676830073815040,isInvalidPosition,01:24
13:39:43.801,13,39,43,49183,aglawand,Review,4659667464617984-5639274879778816,allDifferent,01:12
13:40:08.129,13,40,08,49208,ejshin1,Review,6544664857411584-5086100271923200,isInvalidPosition,00:44
13:41:46.122,13,41,46,49306,aglawand,Review,4659667464617984-5676830073815040,allDifferent,01:17
13:42:18.377,13,42,18,49338,francesco.paduano91,WriteFunction,6535090704220160-5076324926357504,isValidElement,08:55
13:43:07.669,13,43,07,49387,joaohenrique.jhsp,WriteFunction,4659667464617984-5750085036015616,allDifferent,01:17
13:43:38.700,13,43,38,49418,ejshin1,Review,4659667464617984-5657382461898752,allDifferent,00:27
13:43:46.923,13,43,46,49426,vijay.0288,Review,6535090704220160-4840840459452416,isValidElement,01:24
13:44:12.536,13,44,12,49452,hosubl,DebugTestFailure,4659667464617984-5717271485874176,allDifferent,04:26
13:45:15.198,13,45,15,49515,charig,WriteFunction,6544664857411584-5757334940811264,isInvalidPosition,01:48
13:47:34.585,13,47,34,49654,thiago_paula,WriteFunction,4659667464617984-5733935958982656,allDifferent,03:55
13:48:06.773,13,48,06,49686,vijay.0288,Review,6544664857411584-5154321532452864,isInvalidPosition,02:48
13:49:40.747,13,49,40,49780,francesco.paduano91,Review,4659667464617984-5122315436163072,allDifferent,02:04
13:50:56.127,13,50,56,49856,thiago_paula,WriteFunction,6544664857411584-5657382461898752,isInvalidPosition,02:36
13:51:13.986,13,51,13,49873,ejshin1,WriteFunction,4659667464617984-5693417237512192,allDifferent,01:28
13:52:09.966,13,52,09,49929,hosubl,Review,6544664857411584-5194384987389952,isInvalidPosition,01:05
13:56:09.271,13,56,09,50169,joaohenrique.jhsp,Review,4659667464617984-5076324926357504,allDifferent,04:48
13:58:18.933,13,58,18,50298,charig,WriteFunction,6535090704220160-5700735861784576,isValidElement,06:22
13:59:06.847,13,59,06,50346,aglawand,Review,6535090704220160-4785074604081152,isValidElement,00:44
13:59:19.102,13,59,19,50359,vijay.0288,WriteFunction,4659667464617984-4824175986343936,allDifferent,03:06
14:01:52.226,14,01,52,50512,charig,Review,4659667464617984-5766466041282560,allDifferent,02:29
14:02:49.627,14,02,49,50569,aglawand,WriteFunction,4659667464617984-5086100271923200,allDifferent,00:56
14:04:24.739,14,04,24,50664,joaohenrique.jhsp,Review,4659667464617984-5634387206995968,allDifferent,01:33
14:09:21.593,14,09,21,50961,thiago_paula,WriteFunction,6535090704220160-4872846555742208,isValidElement,10:13
14:11:27.824,14,11,27,51087,aglawand,Review,6535090704220160-5673385510043648,isValidElement,00:46
14:17:55.168,14,17,55,51475,charig,DebugTestFailure,6604251220410368-5076324926357504,moveElement,06:00
14:20:03.304,14,20,03,51603,thiago_paula,WriteFunction,6535090704220160-5910974510923776,isValidElement,03:53
14:23:08.454,14,23,08,51788,vijay.0288,Review,6535090704220160-5187135082594304,isValidElement,03:00
14:26:27.555,14,26,27,51987,hosubl,DebugTestFailure,4809675371446272-6329415994703872,createAction,06:50
14:37:31.112,14,37,31,52651,hosubl,WriteFunction,6535090704220160-5178081291534336,isValidElement,04:16